id,rider_id,device_id,start_time,end_time,initial_brac_level,final_brac_level,status
19f78aa1-1d2e-4ce5-bea8-dc84137ea52f,d7ecdb22,3668c57a,2026-10-07 09:25:51+00,null,0.000,null,ongoing
ce727113-0176-48a0-921d-405659aac73f,326745a9,null,2026-10-07 06:43:27+00,null,0.001,null,ongoing
63276738-4210-4401-9eae-b24151a45328,326745a9,null,2026-09-28 20:24:47+00,null,0.000,null,ongoing
aa790b45-af2c-4af5-9cbc-c9e7f2e4ca8d,326745a9,null,2026-09-28 20:24:14+00,null,0.000,null,ongoing
99b5a7cb-ecc2-4d23-b271-83f81dc21e94,326745a9,null,2026-09-28 20:21:34+00,null,0.000,null,ongoing
fad5c034-da73-4416-b910-4717b36cd5c2,326745a9,null,2026-09-28 20:17:50+00,null,0.053,null,failed_brac
eb0f4835-8f36-436b-85f5-0e81f9f6fba3,326745a9,null,2026-09-28 20:16:45+00,null,0.000,null,ongoing
60471be9-65ed-4aeb-ae34-a46f444b92ed,326745a9,null,2026-09-28 19:57:03+00,null,0.000,null,ongoing
8786728e-b572-467b-bd66-e9170baab278,326745a9,null,2026-09-28 19:55:14+00,null,0.000,null,ongoing
1305432a-6118-4531-a208-f9c58c00418d,326745a9,null,2026-09-28 19:53:39+00,null,0.000,null,ongoing
56098a2f-d27c-4b81-914f-53c6e1b3c895,326745a9,null,2026-09-28 19:07:10+00,null,0.013,null,ongoing
c042d7d3-ceeb-4b0e-a978-919cf2147deb,326745a9,null,2026-09-28 19:03:22+00,null,0.224,null,failed_brac
a203eed9-34fa-401c-8304-4b2e399c45d6,326745a9,null,2026-09-28 18:23:59+00,null,0.180,null,failed_brac
76295aac-c9e2-4c2d-9d5e-13b351b408ae,326745a9,null,2026-09-28 18:10:56+00,null,0.000,null,ongoing
95aa7e05-e138-4761-b4a9-c65d65d87ca5,326745a9,null,2026-09-28 17:41:02+00,null,0.000,null,ongoing
0bf9f218-5bbe-5813-8802-795ecbedbed4,cbb02af8,null,2026-09-23 09:17:00+00,null,0.000,null,ongoing
12f4b863-2f44-55d8-ade7-b7400f8d50be,39004512,null,2026-09-23 09:16:00+00,null,0.000,null,ongoing
12bbbbe4-8d4b-5875-9278-a908172999f2,16431207,74d1cc98,2026-09-23 09:15:00+00,null,0.000,null,ongoing
01103545-f7eb-5127-9d5a-d433cb0076f3,75921ea1,efee6efc,2026-09-23 09:14:00+00,null,0.000,null,ongoing
8477c81b-5bf2-5cd4-9ac7-b1dd68bd795c,7d0c47ab,28125a54,2026-09-23 09:13:00+00,null,0.000,null,ongoing
efcf21d9-9b8a-5adb-9cca-a02967dca016,c8307178,ee8c63e2,2026-09-23 09:12:00+00,null,0.000,null,ongoing
598f83de-7131-53e8-9f37-17332575f6fe,007f347f,5ab0effe,2026-09-23 09:11:00+00,null,0.000,null,ongoing
01b46040-01a2-56ca-8847-18aa99085af4,cbb02af8,60f300c8,2026-09-22 06:00:00+00,null,0.000,null,passed
77d0aa67-6ee9-5ca0-a661-0ffc6ba06020,39004512,15a143a0,2026-09-22 05:00:00+00,null,0.000,null,passed
84fce36f-2ce3-5ec8-9137-c66b784bb9bc,16431207,74d1cc98,2026-09-22 04:00:00+00,null,0.000,null,passed
fc538076-0205-5ac6-80bb-2e6d3654d1fd,75921ea1,efee6efc,2026-09-22 03:00:00+00,null,0.000,null,passed
ad51a19e-2b32-5930-8f49-ce0d48720022,7d0c47ab,28125a54,2026-09-22 02:00:00+00,null,0.000,null,passed
ea7cfbac-f0f1-574d-a423-521d08a0a4f4,c8307178,ee8c63e2,2026-09-22 01:00:00+00,null,0.000,null,passed
bdb13673-802f-5c01-9e81-5ac0af73b73c,007f347f,5ab0effe,2026-09-22 00:00:00+00,null,0.000,null,passed
d8208ae2-48bb-5af0-af01-b303dbf5ade4,cbb02af8,60f300c8,2026-09-18 06:00:00+00,null,0.000,null,failed_face
fdd00013-b4ee-54f3-8e27-fedb598b70bf,39004512,15a143a0,2026-09-18 05:00:00+00,null,0.000,null,failed_face
d986989a-c748-5b5f-809b-8512e0752174,16431207,74d1cc98,2026-09-18 04:00:00+00,null,0.000,null,failed_face
c57ef480-67f2-54ec-a0ac-0199c2e24884,75921ea1,efee6efc,2026-09-18 03:00:00+00,null,0.000,null,failed_face
22cb7d75-0f3c-5865-8295-94dde1b6f128,7d0c47ab,28125a54,2026-09-18 02:00:00+00,null,0.000,null,failed_face
07eec919-5118-572d-9179-45865d6b398b,c8307178,ee8c63e2,2026-09-18 01:00:00+00,null,0.000,null,failed_face
962fa3db-6fde-53e0-af9d-0f0aed2d083e,007f347f,5ab0effe,2026-09-18 00:00:00+00,null,0.000,null,failed_face
524e02eb-7e73-5143-a3f0-0db5e1e39b08,cbb02af8,60f300c8,2026-09-17 06:00:00+00,null,0.050,null,failed_brac
c3eca3fe-5731-558a-9372-5ec99e216a36,39004512,15a143a0,2026-09-17 05:00:00+00,null,0.080,null,failed_brac
79ccc403-f18a-52c5-a440-fa3ed71f51cf,16431207,74d1cc98,2026-09-17 04:00:00+00,null,0.050,null,failed_brac
c55d2290-dba0-54ea-9e75-bbf1eefb815e,75921ea1,efee6efc,2026-09-17 03:00:00+00,null,0.080,null,failed_brac
e4543eab-a32f-5f12-bf23-cf90e17cefa2,7d0c47ab,28125a54,2026-09-17 02:00:00+00,null,0.050,null,failed_brac
51529080-0c6c-5b9c-ba33-f05eca718582,c8307178,ee8c63e2,2026-09-17 01:00:00+00,null,0.080,null,failed_brac
541ca3a0-f77e-5fb6-a721-1eb60887b454,007f347f,5ab0effe,2026-09-17 00:00:00+00,null,0.050,null,failed_brac
cc1b239b-c2f4-519e-a0ca-024e8d45643a,cbb02af8,60f300c8,2026-09-16 06:00:00+00,2026-09-16 06:44:00+00,0.010,0.005,completed
2dd187b1-8e91-51eb-85c6-15d780c0d0ac,39004512,15a143a0,2026-09-16 05:00:00+00,2026-09-16 05:41:00+00,0.010,0.005,completed
5fdcfbb1-7f52-5a8a-aa80-9b820229dd5a,16431207,74d1cc98,2026-09-16 04:00:00+00,2026-09-16 04:38:00+00,0.010,0.005,completed
bd23e049-d008-55be-b50c-24388af7c754,75921ea1,efee6efc,2026-09-16 03:00:00+00,2026-09-16 03:35:00+00,0.010,0.005,completed
37122691-fcf7-5397-82df-9877a15a698c,7d0c47ab,28125a54,2026-09-16 02:00:00+00,2026-09-16 02:32:00+00,0.010,0.005,completed
359240d5-dec4-537a-875a-18d752f00a2d,c8307178,ee8c63e2,2026-09-16 01:00:00+00,2026-09-16 01:29:00+00,0.010,0.005,completed
29685a52-e5e8-5f63-a9e5-29044c98bcd5,007f347f,5ab0effe,2026-09-16 00:00:00+00,2026-09-16 00:26:00+00,0.010,0.005,completed
49e65d28-c49a-5a1a-b45d-1cc478ba5d2e,cbb02af8,60f300c8,2026-09-13 06:00:00+00,2026-09-13 06:43:00+00,0.000,0.000,completed
2324fcc3-f0fd-533b-b2ab-03d33b254ccb,39004512,15a143a0,2026-09-13 05:00:00+00,2026-09-13 05:40:00+00,0.000,0.000,completed
7bfae710-d452-5388-bc85-54d9ea9b86b9,16431207,74d1cc98,2026-09-13 04:00:00+00,2026-09-13 04:37:00+00,0.000,0.000,completed
a422721e-791a-5965-b3cd-ab3941746919,75921ea1,efee6efc,2026-09-13 03:00:00+00,2026-09-13 03:34:00+00,0.000,0.000,completed
4a093c0f-f836-5fb8-b3c0-a4c7c4ddef2b,7d0c47ab,28125a54,2026-09-13 02:00:00+00,2026-09-13 02:31:00+00,0.000,0.000,completed
34112425-118b-5b56-b472-8d2ea9cf8378,c8307178,ee8c63e2,2026-09-13 01:00:00+00,2026-09-13 01:28:00+00,0.000,0.000,completed
97ce7e96-0a3d-5862-a462-4eb9833f728f,007f347f,5ab0effe,2026-09-13 00:00:00+00,2026-09-13 00:25:00+00,0.000,0.000,completed
e228f887-fcc0-599f-aeeb-b18768b1e9fc,cbb02af8,60f300c8,2026-09-10 06:00:00+00,2026-09-10 06:42:00+00,0.049,0.044,completed
13cfd662-f728-50e6-b192-1aa6eff91c2f,39004512,15a143a0,2026-09-10 05:00:00+00,2026-09-10 05:39:00+00,0.049,0.044,completed
9373acec-e410-58e2-b996-b145eb93e1a7,16431207,74d1cc98,2026-09-10 04:00:00+00,2026-09-10 04:36:00+00,0.049,0.044,completed
ff6864a4-bc06-5d11-b5bd-2addadbc5492,75921ea1,efee6efc,2026-09-10 03:00:00+00,2026-09-10 03:33:00+00,0.049,0.044,completed
bfcc8f1f-4c37-55c8-9476-f9c701376628,7d0c47ab,28125a54,2026-09-10 02:00:00+00,2026-09-10 02:30:00+00,0.049,0.044,completed
2c9d515a-dd47-5df8-a8ba-d466a9a21577,c8307178,ee8c63e2,2026-09-10 01:00:00+00,2026-09-10 01:27:00+00,0.049,0.044,completed
c6b9fbb7-3ea3-5ebf-970c-6ae5461e9de7,007f347f,5ab0effe,2026-09-10 00:00:00+00,2026-09-10 00:24:00+00,0.049,0.044,completed
14b42d8c-eb93-519c-8a3a-3c0d7b6b645d,cbb02af8,60f300c8,2026-09-07 06:00:00+00,2026-09-07 06:41:00+00,0.020,0.015,completed
914e82fe-fd12-59d0-ad23-9e8c41873f7f,39004512,15a143a0,2026-09-07 05:00:00+00,2026-09-07 05:38:00+00,0.020,0.015,completed
9c1340d6-0318-575c-8f74-28fab113140d,16431207,74d1cc98,2026-09-07 04:00:00+00,2026-09-07 04:35:00+00,0.020,0.015,completed
de3489ec-411f-504b-9af2-a43be7717aa0,75921ea1,efee6efc,2026-09-07 03:00:00+00,2026-09-07 03:32:00+00,0.020,0.015,completed
bae733cc-81b8-5846-8ea3-9538edafe611,7d0c47ab,28125a54,2026-09-07 02:00:00+00,2026-09-07 02:29:00+00,0.020,0.015,completed
fb8f7a5b-fcce-545d-b439-754b6796b6f6,c8307178,ee8c63e2,2026-09-07 01:00:00+00,2026-09-07 01:26:00+00,0.020,0.015,completed
3318f436-d0bc-5103-aec8-8f581b445cc3,007f347f,5ab0effe,2026-09-07 00:00:00+00,2026-09-07 00:23:00+00,0.020,0.015,completed
447face9-aebf-5592-bd61-a4450a18458d,cbb02af8,60f300c8,2026-09-04 06:00:00+00,2026-09-04 06:40:00+00,0.010,0.005,completed
1e1362f0-3c46-596b-9592-305f9f2d14c6,39004512,15a143a0,2026-09-04 05:00:00+00,2026-09-04 05:37:00+00,0.010,0.005,completed
c6f30244-4dbf-5b18-a7b0-2bcbc694ddaf,16431207,74d1cc98,2026-09-04 04:00:00+00,2026-09-04 04:34:00+00,0.010,0.005,completed
1409ae5d-9652-530a-a2ca-8bd78a88a35f,75921ea1,efee6efc,2026-09-04 03:00:00+00,2026-09-04 03:31:00+00,0.010,0.005,completed
b2475bcc-9e81-5b16-a07a-1e80a428351d,7d0c47ab,28125a54,2026-09-04 02:00:00+00,2026-09-04 02:28:00+00,0.010,0.005,completed
945e4c74-d30a-5cfd-9b05-86cd2cf661f5,c8307178,ee8c63e2,2026-09-04 01:00:00+00,2026-09-04 01:25:00+00,0.010,0.005,completed
98acc642-7487-5c35-8efe-2f72cbe95e13,007f347f,5ab0effe,2026-09-04 00:00:00+00,2026-09-04 00:22:00+00,0.010,0.005,completed
acdaa00f-d49f-5a0f-a31b-8b6b2d9c1957,cbb02af8,60f300c8,2026-09-01 06:00:00+00,2026-09-01 06:39:00+00,0.000,0.000,completed
5a9f59e0-0c0d-5cd5-918c-68fc6a0db653,39004512,15a143a0,2026-09-01 05:00:00+00,2026-09-01 05:36:00+00,0.000,0.000,completed
2f5e2303-a5ab-581f-821c-af4709d8b42c,16431207,74d1cc98,2026-09-01 04:00:00+00,2026-09-01 04:33:00+00,0.000,0.000,completed
140c4224-6906-52f9-80e9-36d72e681de7,75921ea1,efee6efc,2026-09-01 03:00:00+00,2026-09-01 03:30:00+00,0.000,0.000,completed
9778d6eb-c72f-5dce-b7fe-fa28d3ef86ac,7d0c47ab,28125a54,2026-09-01 02:00:00+00,2026-09-01 02:27:00+00,0.000,0.000,completed
9f883548-1ed5-5b9d-89df-45806ee786e8,c8307178,ee8c63e2,2026-09-01 01:00:00+00,2026-09-01 01:24:00+00,0.000,0.000,completed
27cf606a-a8f1-5f23-8b33-6c19bd66a99b,007f347f,5ab0effe,2026-09-01 00:00:00+00,2026-09-01 00:21:00+00,0.000,0.000,completed